window,outlet,mean_entropy,std_entropy,article_count
W1,New York Times,7.814780582648626,0.06997695703940703,3
W1,Washington Post,7.068641497348782,0.012167524854818394,2
W2,New York Times,7.75166622720255,0.04046386271342457,2
W2,Washington Post,6.998330613915046,2.0959904687846556,5
W3,CBS News,8.052172187857979,0.4982389641929742,19
W3,Fox News,8.124688400344375,0.21498330503359162,20
W3,New York Times,7.85850997260782,0.09523397363109787,4
W3,Washington Post,7.415819188532677,0.7448224340516694,4
W4,New York Times,7.85932059430633,0.1745838716213915,5
W4,Washington Post,7.519190484890855,0.7996533549286338,4
W5,New York Times,7.8542445810910015,0.055489918063565735,4
W5,Washington Post,8.22709232647329,0.12532935133486894,4
