window,outlet,mean_entropy,std_entropy,mean_sentiment,std_sentiment,article_count
W1,New York Times,7.814780582648626,0.06997695703940703,0.9709666666666666,0.03685136813380657,3
W1,Washington Post,7.068641497348782,0.012167524854818394,0.9788,0.00735391052434007,2
W2,New York Times,7.75166622720255,0.04046386271342457,0.03134999999999999,1.3604027363247988,2
W2,Washington Post,6.998330613915046,2.0959904687846556,0.38526,0.8638742836778972,5
W3,CBS News,8.052172187857979,0.4982389641929742,-0.6578842105263158,0.7021062932057114,19
W3,Fox News,8.124688400344375,0.21498330503359162,-0.796575,0.524282125612577,20
W3,New York Times,7.864915827274094,0.10585536292641608,0.334725,0.9195491408837267,4
W3,Washington Post,7.415819188532677,0.7448224340516694,0.48385,0.9885670757886554,4
W4,New York Times,7.969661046143176,0.2794910546187793,0.58098,0.8774376855366995,5
W4,Washington Post,7.519190484890855,0.7996533549286338,0.9739,0.017302600960549242,4
W5,New York Times,7.954768385625213,0.3270733046398398,-0.477325,0.9808503500364705,4
W5,Washington Post,8.22709232647329,0.12532935133486894,-0.03245000000000001,1.1101664184556597,4
